{
  "summary": {
    "successRate": 1.0,
    "total": 34.710953337,
    "slowest": 10.442127377,
    "fastest": 0.391305287,
    "average": 7.7025948017031265,
    "requestsPerSec": 1.8437983935111186,
    "totalData": 7680,
    "sizePerRequest": 120,
    "sizePerSec": 221.25580722133424
  },
  "responseTimeHistogram": {
    "0.391305287": 1,
    "1.396387496": 2,
    "10.442127377": 21,
    "2.4014697050000002": 2,
    "3.4065519139999996": 3,
    "4.411634123": 2,
    "5.416716332": 2,
    "6.421798540999999": 2,
    "7.42688075": 5,
    "8.431962959": 13,
    "9.437045168": 11
  },
  "latencyPercentiles": {
    "p10": 2.841701953,
    "p25": 7.219131703,
    "p50": 8.497096613,
    "p75": 9.737444639,
    "p90": 10.273452503,
    "p95": 10.327631848,
    "p99": 10.442127377,
    "p99.9": 10.442127377,
    "p99.99": 10.442127377
  },
  "firstByteHistogram": {
    "0.391303534": 1,
    "1.3963857472999999": 2,
    "10.442125666999999": 21,
    "2.4014679606": 2,
    "3.4065501739": 3,
    "4.4116323872": 2,
    "5.4167146005": 2,
    "6.4217968138": 2,
    "7.4268790271": 5,
    "8.4319612404": 13,
    "9.4370434537": 11
  },
  "firstBytePercentiles": {
    "p10": 2.841700784,
    "p25": 7.219129471,
    "p50": 8.497094209,
    "p75": 9.737442537,
    "p90": 10.273450004,
    "p95": 10.327629109,
    "p99": 10.442125666999999,
    "p99.9": 10.442125666999999,
    "p99.99": 10.442125666999999
  },
  "rps": {
    "mean": 1.9047289297980339,
    "stddev": 0.3426931110629811,
    "max": 2.6046446121700715,
    "min": 1.2579976081465023,
    "percentiles": {
      "p10": 1.458065564148927,
      "p25": 1.5652018171379523,
      "p50": 1.929351556498673,
      "p75": 2.0840727276025253,
      "p90": 2.378507660169445,
      "p95": 2.5066670764231795,
      "p99": 2.6046446121700715,
      "p99.9": 2.6046446121700715,
      "p99.99": 2.6046446121700715
    }
  },
  "details": {
    "DNSDialup": {
      "average": 0.00011943668749999999,
      "fastest": 0.000050686,
      "slowest": 0.000213321
    },
    "DNSLookup": {
      "average": 0.000020559874999999998,
      "fastest": 2.303e-6,
      "slowest": 0.000035605
    },
    "firstByte": {
      "average": 7.702592528375001,
      "fastest": 0.391303534,
      "slowest": 10.442125666999999
    }
  },
  "statusCodeDistribution": {
    "502": 64
  },
  "errorDistribution": {}
}
