{
  "summary": {
    "successRate": 1.0,
    "total": 27.977610358,
    "slowest": 27.976031976,
    "fastest": 0.64294801,
    "average": 14.813928743609374,
    "requestsPerSec": 2.287543474266009,
    "totalData": 7680,
    "sizePerRequest": 120,
    "sizePerSec": 274.5052169119211
  },
  "responseTimeHistogram": {
    "0.64294801": 1,
    "11.5761815964": 7,
    "14.309489993": 6,
    "17.0427983896": 7,
    "19.7761067862": 7,
    "22.5094151828": 6,
    "25.242723579400003": 7,
    "27.976031976": 7,
    "3.3762564066": 5,
    "6.1095648032": 6,
    "8.8428731998": 5
  },
  "latencyPercentiles": {
    "p10": 3.715935329,
    "p25": 8.560340037,
    "p50": 15.144842256,
    "p75": 21.807772895,
    "p90": 25.450713931,
    "p95": 26.707722334,
    "p99": 27.976031976,
    "p99.9": 27.976031976,
    "p99.99": 27.976031976
  },
  "firstByteHistogram": {
    "0.642945427": 1,
    "11.5761791218": 7,
    "14.309487545499998": 6,
    "17.0427959692": 7,
    "19.7761043929": 7,
    "22.509412816599998": 6,
    "25.242721240299996": 7,
    "27.976029663999995": 7,
    "3.3762538506999995": 5,
    "6.109562274399999": 6,
    "8.8428706981": 5
  },
  "firstBytePercentiles": {
    "p10": 3.715932665,
    "p25": 8.560338288,
    "p50": 15.144839529,
    "p75": 21.807771832,
    "p90": 25.450712799,
    "p95": 26.707721056,
    "p99": 27.976029664,
    "p99.9": 27.976029664,
    "p99.99": 27.976029664
  },
  "rps": {
    "mean": 2.330921605386664,
    "stddev": 0.3003881133710369,
    "max": 2.8891745075443933,
    "min": 1.4873669816101802,
    "percentiles": {
      "p10": 1.980174273395248,
      "p25": 2.100356565772175,
      "p50": 2.3891841442654385,
      "p75": 2.5930903151497144,
      "p90": 2.674665220913825,
      "p95": 2.7148797307464747,
      "p99": 2.8891745075443933,
      "p99.9": 2.8891745075443933,
      "p99.99": 2.8891745075443933
    }
  },
  "details": {
    "DNSDialup": {
      "average": 0.00010749290624999999,
      "fastest": 0.000037031,
      "slowest": 0.000470474
    },
    "DNSLookup": {
      "average": 4.379218749999999e-6,
      "fastest": 5.31e-7,
      "slowest": 0.000022455
    },
    "firstByte": {
      "average": 14.813926905609373,
      "fastest": 0.642945427,
      "slowest": 27.976029664
    }
  },
  "statusCodeDistribution": {
    "502": 64
  },
  "errorDistribution": {}
}
