{
  "summary": {
    "successRate": 1.0,
    "total": 26.314071103,
    "slowest": 0.537731924,
    "fastest": 0.35477572,
    "average": 0.41113656639062507,
    "requestsPerSec": 2.4321588153154883,
    "totalData": 7680,
    "sizePerRequest": 120,
    "sizePerSec": 291.8590578378586
  },
  "responseTimeHistogram": {
    "0.35477572": 1,
    "0.3730713404": 6,
    "0.3913669608": 12,
    "0.4096625812": 15,
    "0.42795820160000003": 12,
    "0.446253822": 8,
    "0.4645494424": 6,
    "0.48284506280000006": 1,
    "0.5011406832": 2,
    "0.5194363036": 0,
    "0.537731924": 1
  },
  "latencyPercentiles": {
    "p10": 0.36694491,
    "p25": 0.38532803,
    "p50": 0.406772952,
    "p75": 0.434187617,
    "p90": 0.450937068,
    "p95": 0.480136413,
    "p99": 0.537731924,
    "p99.9": 0.537731924,
    "p99.99": 0.537731924
  },
  "firstByteHistogram": {
    "0.354774478": 1,
    "0.3730701045": 6,
    "0.391365731": 12,
    "0.4096613575": 15,
    "0.42795698400000004": 12,
    "0.4462526105": 8,
    "0.46454823700000003": 6,
    "0.4828438635": 1,
    "0.50113949": 2,
    "0.5194351165": 0,
    "0.537730743": 1
  },
  "firstBytePercentiles": {
    "p10": 0.366943568,
    "p25": 0.385326922,
    "p50": 0.406772042,
    "p75": 0.434186867,
    "p90": 0.450934785,
    "p95": 0.480135466,
    "p99": 0.537730743,
    "p99.9": 0.537730743,
    "p99.99": 0.537730743
  },
  "rps": {
    "mean": 2.4498249243228076,
    "stddev": 0.204815727865284,
    "max": 2.8186154283420843,
    "min": 1.8596050584537942,
    "percentiles": {
      "p10": 2.217531861447895,
      "p25": 2.3170057797709194,
      "p50": 2.469722510968466,
      "p75": 2.5965881320103974,
      "p90": 2.725130430397039,
      "p95": 2.7742663580232487,
      "p99": 2.8186154283420843,
      "p99.9": 2.8186154283420843,
      "p99.99": 2.8186154283420843
    }
  },
  "details": {
    "DNSDialup": {
      "average": 0.000090281,
      "fastest": 0.000090281,
      "slowest": 0.000090281
    },
    "DNSLookup": {
      "average": 0.000013166,
      "fastest": 0.000013166,
      "slowest": 0.000013166
    },
    "firstByte": {
      "average": 0.41113520639062506,
      "fastest": 0.354774478,
      "slowest": 0.537730743
    }
  },
  "statusCodeDistribution": {
    "502": 64
  },
  "errorDistribution": {}
}
