{
  "summary": {
    "successRate": 1.0,
    "total": 26.385703093,
    "slowest": 2.073482307,
    "fastest": 0.426764342,
    "average": 1.6144418710312494,
    "requestsPerSec": 2.425555982890556,
    "totalData": 7680,
    "sizePerRequest": 120,
    "sizePerSec": 291.06671794686673
  },
  "responseTimeHistogram": {
    "0.426764342": 1,
    "0.5914361385": 0,
    "0.756107935": 0,
    "0.9207797315": 1,
    "1.085451528": 0,
    "1.2501233245": 1,
    "1.414795121": 0,
    "1.5794669175": 21,
    "1.744138714": 30,
    "1.9088105105": 6,
    "2.073482307": 4
  },
  "latencyPercentiles": {
    "p10": 1.5398220980000001,
    "p25": 1.5632778410000001,
    "p50": 1.611250138,
    "p75": 1.694299013,
    "p90": 1.8039287179999999,
    "p95": 1.9427020750000001,
    "p99": 2.073482307,
    "p99.9": 2.073482307,
    "p99.99": 2.073482307
  },
  "firstByteHistogram": {
    "0.426762129": 1,
    "0.5914340177999999": 0,
    "0.7561059066": 0,
    "0.9207777954": 1,
    "1.0854496841999999": 0,
    "1.250121573": 1,
    "1.4147934618": 0,
    "1.5794653506": 21,
    "1.7441372394": 30,
    "1.9088091282000001": 6,
    "2.073481017": 4
  },
  "firstBytePercentiles": {
    "p10": 1.539821018,
    "p25": 1.5632762439999999,
    "p50": 1.611249152,
    "p75": 1.694296486,
    "p90": 1.8039266299999999,
    "p95": 1.9427002230000001,
    "p99": 2.073481017,
    "p99.9": 2.073481017,
    "p99.99": 2.073481017
  },
  "rps": {
    "mean": 2.449256809041172,
    "stddev": 0.2319301432685803,
    "max": 2.81259980246718,
    "min": 1.7898061661399742,
    "percentiles": {
      "p10": 2.077637654184035,
      "p25": 2.3400016062707025,
      "p50": 2.4720001670478826,
      "p75": 2.6430250682099934,
      "p90": 2.7035265329987648,
      "p95": 2.7466765337542114,
      "p99": 2.81259980246718,
      "p99.9": 2.81259980246718,
      "p99.99": 2.81259980246718
    }
  },
  "details": {
    "DNSDialup": {
      "average": 0.0001821305,
      "fastest": 0.000102395,
      "slowest": 0.00022414
    },
    "DNSLookup": {
      "average": 0.00002917775,
      "fastest": 0.000024176,
      "slowest": 0.000033776
    },
    "firstByte": {
      "average": 1.6144403006718755,
      "fastest": 0.426762129,
      "slowest": 2.073481017
    }
  },
  "statusCodeDistribution": {
    "502": 64
  },
  "errorDistribution": {}
}
