{
  "summary": {
    "successRate": 1.0,
    "total": 24.226480266,
    "slowest": 24.225321025,
    "fastest": 0.401905823,
    "average": 12.594642343234373,
    "requestsPerSec": 2.641737441728961,
    "totalData": 16576,
    "sizePerRequest": 259,
    "sizePerSec": 684.209997407801
  },
  "responseTimeHistogram": {
    "0.401905823": 1,
    "12.313613424": 6,
    "14.695954944199999": 5,
    "17.078296464399997": 7,
    "19.460637984599998": 7,
    "2.7842473431999997": 6,
    "21.8429795048": 7,
    "24.225321025": 7,
    "5.1665888633999995": 6,
    "7.548930383599999": 6,
    "9.931271903799999": 6
  },
  "latencyPercentiles": {
    "p10": 2.674904491,
    "p25": 6.5457145610000005,
    "p50": 13.227879417,
    "p75": 18.950423415,
    "p90": 22.055360207,
    "p95": 23.177857578,
    "p99": 24.225321025,
    "p99.9": 24.225321025,
    "p99.99": 24.225321025
  },
  "firstByteHistogram": {
    "0.401903945": 1,
    "12.313611904": 6,
    "14.695953495800001": 5,
    "17.0782950876": 7,
    "19.4606366794": 7,
    "2.7842455368": 6,
    "21.8429782712": 7,
    "24.225319863": 7,
    "5.1665871286": 6,
    "7.5489287204": 6,
    "9.9312703122": 6
  },
  "firstBytePercentiles": {
    "p10": 2.674903347,
    "p25": 6.545712373,
    "p50": 13.227876247,
    "p75": 18.950421707,
    "p90": 22.055358751,
    "p95": 23.177856191,
    "p99": 24.225319863,
    "p99.9": 24.225319863,
    "p99.99": 24.225319863
  },
  "rps": {
    "mean": 2.675274896304515,
    "stddev": 0.28315446517835313,
    "max": 3.1107924277090913,
    "min": 1.8616626346653196,
    "percentiles": {
      "p10": 2.2388614454601314,
      "p25": 2.4903807549113095,
      "p50": 2.7664116297953107,
      "p75": 2.8687980129924657,
      "p90": 2.9907561529379643,
      "p95": 3.032612337028471,
      "p99": 3.1107924277090913,
      "p99.9": 3.1107924277090913,
      "p99.99": 3.1107924277090913
    }
  },
  "details": {
    "DNSDialup": {
      "average": 0.00031909048437499997,
      "fastest": 0.000032981,
      "slowest": 0.002465703
    },
    "DNSLookup": {
      "average": 7.345265624999998e-6,
      "fastest": 5.16e-7,
      "slowest": 0.000124068
    },
    "firstByte": {
      "average": 12.594640594109379,
      "fastest": 0.401903945,
      "slowest": 24.225319863
    }
  },
  "statusCodeDistribution": {
    "200": 64
  },
  "errorDistribution": {}
}
