{
  "summary": {
    "successRate": 1.0,
    "total": 26.035929393,
    "slowest": 0.477390188,
    "fastest": 0.341928245,
    "average": 0.40678689374999993,
    "requestsPerSec": 2.4581415563835027,
    "totalData": 16576,
    "sizePerRequest": 259,
    "sizePerSec": 636.6586631033272
  },
  "responseTimeHistogram": {
    "0.341928245": 1,
    "0.3554744393": 2,
    "0.36902063360000004": 5,
    "0.3825668279": 6,
    "0.3961130222": 9,
    "0.40965921650000003": 14,
    "0.4232054108": 8,
    "0.4367516051": 9,
    "0.45029779940000003": 2,
    "0.4638439937": 5,
    "0.477390188": 3
  },
  "latencyPercentiles": {
    "p10": 0.361615009,
    "p25": 0.388374112,
    "p50": 0.404379289,
    "p75": 0.428163005,
    "p90": 0.452543944,
    "p95": 0.459099719,
    "p99": 0.477390188,
    "p99.9": 0.477390188,
    "p99.99": 0.477390188
  },
  "firstByteHistogram": {
    "0.341926838": 1,
    "0.3554730585": 2,
    "0.36901927900000003": 5,
    "0.3825654995": 6,
    "0.39611172": 9,
    "0.40965794050000004": 14,
    "0.423204161": 8,
    "0.4367503815": 9,
    "0.450296602": 2,
    "0.46384282250000003": 5,
    "0.477389043": 3
  },
  "firstBytePercentiles": {
    "p10": 0.361613627,
    "p25": 0.388373208,
    "p50": 0.40437678,
    "p75": 0.428160348,
    "p90": 0.452542733,
    "p95": 0.459096126,
    "p99": 0.477389043,
    "p99.9": 0.477389043,
    "p99.99": 0.477389043
  },
  "rps": {
    "mean": 2.4729607573082446,
    "stddev": 0.19366170439500902,
    "max": 2.9245124010921506,
    "min": 2.0946770964242196,
    "percentiles": {
      "p10": 2.2096724562522887,
      "p25": 2.34875811563751,
      "p50": 2.4738316051892015,
      "p75": 2.5907141271884924,
      "p90": 2.7652581789105763,
      "p95": 2.7945504522381874,
      "p99": 2.9245124010921506,
      "p99.9": 2.9245124010921506,
      "p99.99": 2.9245124010921506
    }
  },
  "details": {
    "DNSDialup": {
      "average": 0.000140461,
      "fastest": 0.000140461,
      "slowest": 0.000140461
    },
    "DNSLookup": {
      "average": 0.000024352,
      "fastest": 0.000024352,
      "slowest": 0.000024352
    },
    "firstByte": {
      "average": 0.4067852733437498,
      "fastest": 0.341926838,
      "slowest": 0.477389043
    }
  },
  "statusCodeDistribution": {
    "200": 64
  },
  "errorDistribution": {}
}
