{
  "summary": {
    "successRate": 1.0,
    "total": 23.454742526,
    "slowest": 6.195386813,
    "fastest": 0.36791379,
    "average": 5.1557434308125005,
    "requestsPerSec": 2.728659243607337,
    "totalData": 16576,
    "sizePerRequest": 259,
    "sizePerSec": 706.7227440943003
  },
  "responseTimeHistogram": {
    "0.36791379": 1,
    "0.9506610923": 1,
    "1.5334083946": 2,
    "2.1161556969": 1,
    "2.6989029991999995": 2,
    "3.2816503015": 1,
    "3.8643976037999996": 2,
    "4.4471449061": 2,
    "5.0298922084": 1,
    "5.612639510699999": 2,
    "6.195386813": 49
  },
  "latencyPercentiles": {
    "p10": 2.615971459,
    "p25": 5.670677243,
    "p50": 5.736145436,
    "p75": 5.825257277,
    "p90": 6.069476891,
    "p95": 6.123017545,
    "p99": 6.195386813,
    "p99.9": 6.195386813,
    "p99.99": 6.195386813
  },
  "firstByteHistogram": {
    "0.367912198": 1,
    "0.9506595314999999": 1,
    "1.533406865": 2,
    "2.1161541985": 1,
    "2.698901532": 2,
    "3.2816488655": 1,
    "3.8643961989999998": 2,
    "4.447143532499999": 2,
    "5.029890866": 1,
    "5.6126381995": 2,
    "6.195385533": 49
  },
  "firstBytePercentiles": {
    "p10": 2.615970389,
    "p25": 5.670675456,
    "p50": 5.736144202,
    "p75": 5.825255408,
    "p90": 6.069476006,
    "p95": 6.123015729,
    "p99": 6.195385533,
    "p99.9": 6.195385533,
    "p99.99": 6.195385533
  },
  "rps": {
    "mean": 2.746213792516408,
    "stddev": 0.21233519536277873,
    "max": 3.1293921801596607,
    "min": 2.0106021746878335,
    "percentiles": {
      "p10": 2.420465775893146,
      "p25": 2.6477705941054825,
      "p50": 2.7615213154650373,
      "p75": 2.8858095659115603,
      "p90": 2.9800609900474258,
      "p95": 3.0302136206362973,
      "p99": 3.1293921801596607,
      "p99.9": 3.1293921801596607,
      "p99.99": 3.1293921801596607
    }
  },
  "details": {
    "DNSDialup": {
      "average": 0.00029525968750000004,
      "fastest": 0.000068246,
      "slowest": 0.001489427
    },
    "DNSLookup": {
      "average": 0.00010468075,
      "fastest": 2.301e-6,
      "slowest": 0.00141049
    },
    "firstByte": {
      "average": 5.155741769875001,
      "fastest": 0.367912198,
      "slowest": 6.195385533
    }
  },
  "statusCodeDistribution": {
    "200": 64
  },
  "errorDistribution": {}
}
