{
  "summary": {
    "successRate": 1.0,
    "total": 26.174656231,
    "slowest": 1.8487737960000001,
    "fastest": 0.477628997,
    "average": 1.5983926678281253,
    "requestsPerSec": 2.4451132971978247,
    "totalData": 16576,
    "sizePerRequest": 259,
    "sizePerSec": 633.2843439742367
  },
  "responseTimeHistogram": {
    "0.477628997": 1,
    "0.6147434769": 0,
    "0.7518579568": 0,
    "0.8889724367": 0,
    "1.0260869166": 1,
    "1.1632013965": 0,
    "1.3003158764": 1,
    "1.4374303563": 0,
    "1.5745448362": 16,
    "1.7116593161": 31,
    "1.8487737960000001": 14
  },
  "latencyPercentiles": {
    "p10": 1.5027620339999999,
    "p25": 1.561031429,
    "p50": 1.636669023,
    "p75": 1.7068679599999999,
    "p90": 1.7425085359999999,
    "p95": 1.7933650650000001,
    "p99": 1.8487737960000001,
    "p99.9": 1.8487737960000001,
    "p99.99": 1.8487737960000001
  },
  "firstByteHistogram": {
    "0.477626832": 1,
    "0.6147413077": 0,
    "0.7518557834": 0,
    "0.8889702591": 0,
    "1.0260847348": 1,
    "1.1631992105000002": 0,
    "1.3003136862": 1,
    "1.4374281619000002": 0,
    "1.5745426376": 16,
    "1.7116571133000003": 31,
    "1.848771589": 14
  },
  "firstBytePercentiles": {
    "p10": 1.50276082,
    "p25": 1.561029893,
    "p50": 1.63666754,
    "p75": 1.706866,
    "p90": 1.742507552,
    "p95": 1.7933635510000001,
    "p99": 1.848771589,
    "p99.9": 1.848771589,
    "p99.99": 1.848771589
  },
  "rps": {
    "mean": 2.4686076107245443,
    "stddev": 0.23871971089474864,
    "max": 2.898995539791003,
    "min": 1.9909634073229834,
    "percentiles": {
      "p10": 2.1162944474027086,
      "p25": 2.313408765665901,
      "p50": 2.488426496334338,
      "p75": 2.66436963189966,
      "p90": 2.7721724220389796,
      "p95": 2.812447355379966,
      "p99": 2.898995539791003,
      "p99.9": 2.898995539791003,
      "p99.99": 2.898995539791003
    }
  },
  "details": {
    "DNSDialup": {
      "average": 0.00011466874999999999,
      "fastest": 0.000095257,
      "slowest": 0.000130255
    },
    "DNSLookup": {
      "average": 0.000022867,
      "fastest": 0.00002092,
      "slowest": 0.000023922
    },
    "firstByte": {
      "average": 1.59839091790625,
      "fastest": 0.477626832,
      "slowest": 1.848771589
    }
  },
  "statusCodeDistribution": {
    "200": 64
  },
  "errorDistribution": {}
}
