{
  "summary": {
    "successRate": 1.0,
    "total": 42.090181403,
    "slowest": 6.735273916,
    "fastest": 1.265426769,
    "average": 5.02279984140625,
    "requestsPerSec": 0.7602723232197612,
    "totalData": 37602,
    "sizePerRequest": 1175,
    "sizePerSec": 893.3674968034206
  },
  "responseTimeHistogram": {
    "1.265426769": 1,
    "1.8124114837": 0,
    "2.3593961984": 0,
    "2.9063809131": 1,
    "3.4533656278000002": 0,
    "4.0003503425": 1,
    "4.5473350572": 0,
    "5.0943197719": 15,
    "5.6413044866": 9,
    "6.1882892013": 1,
    "6.735273916": 4
  },
  "latencyPercentiles": {
    "p10": 4.857682126,
    "p25": 4.919443778,
    "p50": 5.055445226,
    "p75": 5.244048131,
    "p90": 6.347302024,
    "p95": 6.646431342,
    "p99": 6.735273916,
    "p99.9": 6.735273916,
    "p99.99": 6.735273916
  },
  "firstByteHistogram": {
    "1.2654258870000001": 1,
    "1.8124101572000002": 0,
    "2.3593944274000003": 0,
    "2.9063786976": 1,
    "3.4533629678000004": 0,
    "4.000347238000001": 1,
    "4.547331508200001": 0,
    "5.0943157784": 15,
    "5.641300048600001": 9,
    "6.188284318800001": 1,
    "6.735268589000001": 4
  },
  "firstBytePercentiles": {
    "p10": 4.857680895,
    "p25": 4.919441105,
    "p50": 5.055443995,
    "p75": 5.244046718,
    "p90": 6.347301058,
    "p95": 6.646427937,
    "p99": 6.735268589,
    "p99.9": 6.735268589,
    "p99.99": 6.735268589
  },
  "rps": {
    "mean": 0.7696018378463246,
    "stddev": 0.0762774453298542,
    "max": 0.8567718421330932,
    "min": 0.4922741454453992,
    "percentiles": {
      "p10": 0.6725420753906898,
      "p25": 0.7664533838951392,
      "p50": 0.7866216518231107,
      "p75": 0.8084222751975213,
      "p90": 0.8411353034671312,
      "p95": 0.8529351186243397,
      "p99": 0.8567718421330932,
      "p99.9": 0.8567718421330932,
      "p99.99": 0.8567718421330932
    }
  },
  "details": {
    "DNSDialup": {
      "average": 0.0001071435,
      "fastest": 0.000082023,
      "slowest": 0.000126506
    },
    "DNSLookup": {
      "average": 0.00002072575,
      "fastest": 0.000017402,
      "slowest": 0.000028481
    },
    "firstByte": {
      "average": 5.022798017250001,
      "fastest": 1.2654258870000001,
      "slowest": 6.735268589
    }
  },
  "statusCodeDistribution": {
    "200": 32
  },
  "errorDistribution": {}
}
