{
  "summary": {
    "successRate": 1.0,
    "total": 25.585490495,
    "slowest": 0.615889677,
    "fastest": 0.350750982,
    "average": 0.39975165364062504,
    "requestsPerSec": 2.501417747395036,
    "totalData": 50984,
    "sizePerRequest": 796,
    "sizePerSec": 1992.6919130185706
  },
  "responseTimeHistogram": {
    "0.350750982": 1,
    "0.3772648515": 17,
    "0.403778721": 25,
    "0.4302925905": 12,
    "0.45680645999999997": 5,
    "0.4833203295": 1,
    "0.5098341989999999": 0,
    "0.5363480684999999": 2,
    "0.562861938": 0,
    "0.5893758075": 0,
    "0.615889677": 1
  },
  "latencyPercentiles": {
    "p10": 0.360723063,
    "p25": 0.375959666,
    "p50": 0.39134909,
    "p75": 0.410954033,
    "p90": 0.435530589,
    "p95": 0.464306378,
    "p99": 0.615889677,
    "p99.9": 0.615889677,
    "p99.99": 0.615889677
  },
  "firstByteHistogram": {
    "0.350748959": 1,
    "0.3772628892": 17,
    "0.40377681940000004": 25,
    "0.4302907496": 12,
    "0.45680467980000006": 5,
    "0.48331861000000004": 1,
    "0.5098325402": 0,
    "0.5363464704": 2,
    "0.5628604006": 0,
    "0.5893743308": 0,
    "0.615888261": 1
  },
  "firstBytePercentiles": {
    "p10": 0.36072181,
    "p25": 0.375957536,
    "p50": 0.391348004,
    "p75": 0.41095247,
    "p90": 0.435529399,
    "p95": 0.464304412,
    "p99": 0.615888261,
    "p99.9": 0.615888261,
    "p99.99": 0.615888261
  },
  "rps": {
    "mean": 2.526055529052972,
    "stddev": 0.22933125532021695,
    "max": 2.850962109764192,
    "min": 1.6235984765113058,
    "percentiles": {
      "p10": 2.2959709362957788,
      "p25": 2.453097012041242,
      "p50": 2.568039375049228,
      "p75": 2.6626831081242193,
      "p90": 2.772117790877599,
      "p95": 2.8200975163212214,
      "p99": 2.850962109764192,
      "p99.9": 2.850962109764192,
      "p99.99": 2.850962109764192
    }
  },
  "details": {
    "DNSDialup": {
      "average": 0.000129748,
      "fastest": 0.000129748,
      "slowest": 0.000129748
    },
    "DNSLookup": {
      "average": 0.000013667,
      "fastest": 0.000013667,
      "slowest": 0.000013667
    },
    "firstByte": {
      "average": 0.3997499880937502,
      "fastest": 0.350748959,
      "slowest": 0.615888261
    }
  },
  "statusCodeDistribution": {
    "200": 64
  },
  "errorDistribution": {}
}
