{
  "summary": {
    "successRate": 1.0,
    "total": 24.970716859,
    "slowest": 1.874007609,
    "fastest": 0.382096655,
    "average": 1.5209019960937502,
    "requestsPerSec": 2.563002110086919,
    "totalData": 50880,
    "sizePerRequest": 795,
    "sizePerSec": 2037.5866775191005
  },
  "responseTimeHistogram": {
    "0.382096655": 1,
    "0.5312877504": 0,
    "0.6804788458": 0,
    "0.8296699412": 1,
    "0.9788610366": 0,
    "1.128052132": 0,
    "1.2772432274": 1,
    "1.4264343228": 7,
    "1.5756254182": 34,
    "1.7248165136": 16,
    "1.874007609": 4
  },
  "latencyPercentiles": {
    "p10": 1.390539387,
    "p25": 1.473832493,
    "p50": 1.543999782,
    "p75": 1.612286178,
    "p90": 1.693918885,
    "p95": 1.7376125070000001,
    "p99": 1.874007609,
    "p99.9": 1.874007609,
    "p99.99": 1.874007609
  },
  "firstByteHistogram": {
    "0.382095371": 1,
    "0.531286463": 0,
    "0.680477555": 0,
    "0.829668647": 1,
    "0.978859739": 0,
    "1.128050831": 0,
    "1.277241923": 1,
    "1.4264330150000002": 7,
    "1.5756241069999999": 34,
    "1.724815199": 16,
    "1.8740062910000002": 4
  },
  "firstBytePercentiles": {
    "p10": 1.39053735,
    "p25": 1.473831356,
    "p50": 1.543997585,
    "p75": 1.612285148,
    "p90": 1.693916738,
    "p95": 1.737611462,
    "p99": 1.8740062910000002,
    "p99.9": 1.8740062910000002,
    "p99.99": 1.8740062910000002
  },
  "rps": {
    "mean": 2.5884391954862376,
    "stddev": 0.24847430233619663,
    "max": 3.0383949020206065,
    "min": 1.9130197075770379,
    "percentiles": {
      "p10": 2.273311963397645,
      "p25": 2.430707002949762,
      "p50": 2.644067560347048,
      "p75": 2.775555875910216,
      "p90": 2.8606133778123564,
      "p95": 2.899547404136524,
      "p99": 3.0383949020206065,
      "p99.9": 3.0383949020206065,
      "p99.99": 3.0383949020206065
    }
  },
  "details": {
    "DNSDialup": {
      "average": 0.000104554,
      "fastest": 0.000095196,
      "slowest": 0.000119676
    },
    "DNSLookup": {
      "average": 0.00001979775,
      "fastest": 0.000017082,
      "slowest": 0.000021488
    },
    "firstByte": {
      "average": 1.5209005605781254,
      "fastest": 0.382095371,
      "slowest": 1.8740062910000002
    }
  },
  "statusCodeDistribution": {
    "200": 64
  },
  "errorDistribution": {}
}
