{
  "summary": {
    "successRate": 1.0,
    "total": 25.876557408,
    "slowest": 25.875308196,
    "fastest": 0.404674835,
    "average": 12.695054157249999,
    "requestsPerSec": 2.473281085690856,
    "totalData": 51008,
    "sizePerRequest": 797,
    "sizePerSec": 1971.2050252956121
  },
  "responseTimeHistogram": {
    "0.404674835": 1,
    "10.5929281794": 6,
    "13.139991515499998": 7,
    "15.6870548516": 6,
    "18.234118187700002": 6,
    "2.9517381710999997": 7,
    "20.7811815238": 6,
    "23.3282448599": 6,
    "25.875308196": 6,
    "5.4988015072": 6,
    "8.0458648433": 7
  },
  "latencyPercentiles": {
    "p10": 2.502498622,
    "p25": 6.451873056,
    "p50": 12.623356933,
    "p75": 19.405825,
    "p90": 23.029173394,
    "p95": 24.513042122,
    "p99": 25.875308196,
    "p99.9": 25.875308196,
    "p99.99": 25.875308196
  },
  "firstByteHistogram": {
    "0.404673071": 1,
    "10.592926707799998": 6,
    "13.139990116999998": 7,
    "15.687053526199998": 6,
    "18.2341169354": 6,
    "2.9517364801999997": 7,
    "20.7811803446": 6,
    "23.3282437538": 6,
    "25.875307163": 6,
    "5.4987998894": 6,
    "8.045863298599999": 7
  },
  "firstBytePercentiles": {
    "p10": 2.502497131,
    "p25": 6.451871952,
    "p50": 12.623355423,
    "p75": 19.405823422,
    "p90": 23.029167965,
    "p95": 24.513039999,
    "p99": 25.875307163,
    "p99.9": 25.875307163,
    "p99.99": 25.875307163
  },
  "rps": {
    "mean": 2.5049591561480966,
    "stddev": 0.2761585220246618,
    "max": 3.02135664678189,
    "min": 1.7774783398266998,
    "percentiles": {
      "p10": 2.1152424308223003,
      "p25": 2.3018931164915624,
      "p50": 2.5181360121660488,
      "p75": 2.735663604419532,
      "p90": 2.835342162386578,
      "p95": 2.9126114704831996,
      "p99": 3.02135664678189,
      "p99.9": 3.02135664678189,
      "p99.99": 3.02135664678189
    }
  },
  "details": {
    "DNSDialup": {
      "average": 0.00012190784374999997,
      "fastest": 0.000026541,
      "slowest": 0.000493547
    },
    "DNSLookup": {
      "average": 0.000010326906249999996,
      "fastest": 4.06e-7,
      "slowest": 0.00018254
    },
    "firstByte": {
      "average": 12.695052598250001,
      "fastest": 0.404673071,
      "slowest": 25.875307163
    }
  },
  "statusCodeDistribution": {
    "200": 64
  },
  "errorDistribution": {}
}
