{
  "summary": {
    "successRate": 1.0,
    "total": 39.241540512,
    "slowest": 20.248561315,
    "fastest": 1.2701879790000001,
    "average": 15.190607992781253,
    "requestsPerSec": 0.8154623794704097,
    "totalData": 37585,
    "sizePerRequest": 1174,
    "sizePerSec": 957.7860478873547
  },
  "responseTimeHistogram": {
    "1.2701879790000001": 1,
    "10.759374647000001": 1,
    "12.6572119806": 2,
    "14.555049314200001": 1,
    "16.4528866478": 2,
    "18.3507239814": 1,
    "20.248561315": 18,
    "3.1680253126": 1,
    "5.0658626462": 2,
    "6.9636999798": 1,
    "8.8615373134": 2
  },
  "latencyPercentiles": {
    "p10": 4.902813498,
    "p25": 11.000516196,
    "p50": 19.16847188,
    "p75": 19.998282568,
    "p90": 20.193384093,
    "p95": 20.232187224,
    "p99": 20.248561315,
    "p99.9": 20.248561315,
    "p99.99": 20.248561315
  },
  "firstByteHistogram": {
    "1.270186014": 1,
    "10.759372832": 1,
    "12.657210195600001": 2,
    "14.5550475592": 1,
    "16.452884922800003": 2,
    "18.3507222864": 1,
    "20.24855965": 18,
    "3.1680233776": 1,
    "5.0658607412": 2,
    "6.963698104800001": 1,
    "8.8615354684": 2
  },
  "firstBytePercentiles": {
    "p10": 4.902812266,
    "p25": 11.000515231,
    "p50": 19.168470692,
    "p75": 19.998281223,
    "p90": 20.193381855,
    "p95": 20.232185751,
    "p99": 20.24855965,
    "p99.9": 20.24855965,
    "p99.99": 20.24855965
  },
  "rps": {
    "mean": 0.8184872882987976,
    "stddev": 0.047969590995642665,
    "max": 0.874375903597,
    "min": 0.6505324407989215,
    "percentiles": {
      "p10": 0.7776658710540815,
      "p25": 0.8038742681768817,
      "p50": 0.8359004826303826,
      "p75": 0.8541148457751564,
      "p90": 0.867881057973704,
      "p95": 0.8730371677781678,
      "p99": 0.874375903597,
      "p99.9": 0.874375903597,
      "p99.99": 0.874375903597
    }
  },
  "details": {
    "DNSDialup": {
      "average": 0.00011791531250000001,
      "fastest": 0.000041271,
      "slowest": 0.000415273
    },
    "DNSLookup": {
      "average": 0.000022437125,
      "fastest": 2.172e-6,
      "slowest": 0.000046589
    },
    "firstByte": {
      "average": 15.190606397281247,
      "fastest": 1.270186014,
      "slowest": 20.24855965
    }
  },
  "statusCodeDistribution": {
    "200": 32
  },
  "errorDistribution": {}
}
