{
  "summary": {
    "successRate": 1.0,
    "total": 25.431945576,
    "slowest": 6.472027329,
    "fastest": 0.400131284,
    "average": 5.588789867546875,
    "requestsPerSec": 2.5165200125466014,
    "totalData": 51010,
    "sizePerRequest": 797,
    "sizePerSec": 2005.7450912500333
  },
  "responseTimeHistogram": {
    "0.400131284": 1,
    "1.0073208885": 1,
    "1.614510493": 1,
    "2.2217000975000003": 2,
    "2.828889702": 1,
    "3.4360793065000004": 2,
    "4.043268911": 2,
    "4.6504585155000004": 1,
    "5.257648120000001": 2,
    "5.864837724500001": 1,
    "6.472027329000001": 50
  },
  "latencyPercentiles": {
    "p10": 2.840003409,
    "p25": 6.13901831,
    "p50": 6.282021535,
    "p75": 6.365824159,
    "p90": 6.434367641,
    "p95": 6.442939611,
    "p99": 6.472027329,
    "p99.9": 6.472027329,
    "p99.99": 6.472027329
  },
  "firstByteHistogram": {
    "0.40013011": 1,
    "1.0073197225000001": 1,
    "1.6145093350000002": 1,
    "2.2216989475": 2,
    "2.82888856": 1,
    "3.4360781725000002": 2,
    "4.043267785": 2,
    "4.6504573975": 1,
    "5.25764701": 2,
    "5.8648366225": 1,
    "6.472026235": 50
  },
  "firstBytePercentiles": {
    "p10": 2.840002249,
    "p25": 6.139016616,
    "p50": 6.2820198640000005,
    "p75": 6.365822877,
    "p90": 6.434365815,
    "p95": 6.442936888,
    "p99": 6.472026235,
    "p99.9": 6.472026235,
    "p99.99": 6.472026235
  },
  "rps": {
    "mean": 2.5345483373567848,
    "stddev": 0.20703363213375284,
    "max": 3.022561024177146,
    "min": 1.8536741439791142,
    "percentiles": {
      "p10": 2.2889348405783028,
      "p25": 2.429090842454316,
      "p50": 2.568847284317792,
      "p75": 2.6632737056800773,
      "p90": 2.749148655328301,
      "p95": 2.838098945625518,
      "p99": 3.022561024177146,
      "p99.9": 3.022561024177146,
      "p99.99": 3.022561024177146
    }
  },
  "details": {
    "DNSDialup": {
      "average": 0.0001062290625,
      "fastest": 0.000033533,
      "slowest": 0.000227848
    },
    "DNSLookup": {
      "average": 0.000026809687499999998,
      "fastest": 1.404e-6,
      "slowest": 0.000141435
    },
    "firstByte": {
      "average": 5.58878815834375,
      "fastest": 0.40013011,
      "slowest": 6.472026235
    }
  },
  "statusCodeDistribution": {
    "200": 64
  },
  "errorDistribution": {}
}
