{
  "summary": {
    "successRate": 1.0,
    "total": 42.08346243,
    "slowest": 1.4593776840000001,
    "fastest": 1.240376894,
    "average": 1.3150727234375001,
    "requestsPerSec": 0.7603937069870988,
    "totalData": 37618,
    "sizePerRequest": 1175,
    "sizePerSec": 893.8903271700214
  },
  "responseTimeHistogram": {
    "1.240376894": 1,
    "1.262276973": 3,
    "1.284177052": 2,
    "1.306077131": 12,
    "1.32797721": 6,
    "1.3498772890000001": 3,
    "1.371777368": 1,
    "1.393677447": 0,
    "1.415577526": 3,
    "1.4374776050000002": 0,
    "1.4593776840000001": 1
  },
  "latencyPercentiles": {
    "p10": 1.258216741,
    "p25": 1.291308253,
    "p50": 1.304167322,
    "p75": 1.332097948,
    "p90": 1.395991559,
    "p95": 1.412138784,
    "p99": 1.4593776840000001,
    "p99.9": 1.4593776840000001,
    "p99.99": 1.4593776840000001
  },
  "firstByteHistogram": {
    "1.240375663": 1,
    "1.26227575": 3,
    "1.284175837": 2,
    "1.306075924": 12,
    "1.327976011": 6,
    "1.349876098": 3,
    "1.3717761849999999": 1,
    "1.393676272": 0,
    "1.415576359": 3,
    "1.437476446": 0,
    "1.459376533": 1
  },
  "firstBytePercentiles": {
    "p10": 1.2582154939999999,
    "p25": 1.2913067790000001,
    "p50": 1.30416555,
    "p75": 1.332096812,
    "p90": 1.3959901590000001,
    "p95": 1.412136547,
    "p99": 1.459376533,
    "p99.9": 1.459376533,
    "p99.99": 1.459376533
  },
  "rps": {
    "mean": 0.7613732693337081,
    "stddev": 0.027209745735952345,
    "max": 0.806200860379655,
    "min": 0.6849450406126929,
    "percentiles": {
      "p10": 0.7163294005304363,
      "p25": 0.7547787613402129,
      "p50": 0.7671369073988685,
      "p75": 0.7764848417381823,
      "p90": 0.7947696628128658,
      "p95": 0.7982799512979306,
      "p99": 0.806200860379655,
      "p99.9": 0.806200860379655,
      "p99.99": 0.806200860379655
    }
  },
  "details": {
    "DNSDialup": {
      "average": 0.000136163,
      "fastest": 0.000136163,
      "slowest": 0.000136163
    },
    "DNSLookup": {
      "average": 0.000021877,
      "fastest": 0.000021877,
      "slowest": 0.000021877
    },
    "firstByte": {
      "average": 1.3150712291874997,
      "fastest": 1.240375663,
      "slowest": 1.459376533
    }
  },
  "statusCodeDistribution": {
    "200": 32
  },
  "errorDistribution": {}
}
