{
  "summary": {
    "successRate": 1.0,
    "total": 0.011751878,
    "slowest": 0.010600976,
    "fastest": 0.000026567,
    "average": 0.00035901484999999997,
    "requestsPerSec": 17018.5565234765,
    "totalData": 277000,
    "sizePerRequest": 1385,
    "sizePerSec": 23570700.785014957
  },
  "responseTimeHistogram": {
    "0.000026567": 1,
    "0.0010840079": 195,
    "0.0021414488": 0,
    "0.0031988897": 0,
    "0.0042563306": 0,
    "0.0053137715": 0,
    "0.0063712124": 0,
    "0.007428653300000001": 0,
    "0.0084860942": 0,
    "0.0095435351": 0,
    "0.010600976": 4
  },
  "latencyPercentiles": {
    "p10": 0.000060797,
    "p25": 0.000097005,
    "p50": 0.000116607,
    "p75": 0.000192694,
    "p90": 0.000297219,
    "p95": 0.00046532,
    "p99": 0.010451003,
    "p99.9": 0.010600976,
    "p99.99": 0.010600976
  },
  "firstByteHistogram": {
    "0.000026503": 1,
    "0.0010839139999999998": 195,
    "0.002141325": 0,
    "0.0031987359999999998": 0,
    "0.004256146999999999": 0,
    "0.005313557999999999": 0,
    "0.006370968999999999": 0,
    "0.007428379999999999": 0,
    "0.008485791": 0,
    "0.009543201999999999": 0,
    "0.010600612999999998": 4
  },
  "firstBytePercentiles": {
    "p10": 0.000060681,
    "p25": 0.000096854,
    "p50": 0.000116406,
    "p75": 0.000192472,
    "p90": 0.000296836,
    "p95": 0.000465051,
    "p99": 0.010450456,
    "p99.9": 0.010600613,
    "p99.99": 0.010600613
  },
  "rps": {
    "mean": 23350.415689308265,
    "stddev": 32262.028775970644,
    "max": 46163.11501163264,
    "min": 537.7163669838925,
    "percentiles": {
      "p10": 537.7163669838925,
      "p25": 537.7163669838925,
      "p50": 46163.11501163264,
      "p75": 46163.11501163264,
      "p90": 46163.11501163264,
      "p95": 46163.11501163264,
      "p99": 46163.11501163264,
      "p99.9": 46163.11501163264,
      "p99.99": 46163.11501163264
    }
  },
  "details": {
    "DNSDialup": {
      "average": 0.0031818234615384614,
      "fastest": 0.000041521,
      "slowest": 0.010195529
    },
    "DNSLookup": {
      "average": 0.000015314153846153844,
      "fastest": 9.71e-7,
      "slowest": 0.000032832
    },
    "firstByte": {
      "average": 0.00035875546499999987,
      "fastest": 0.000026503,
      "slowest": 0.010600613
    }
  },
  "statusCodeDistribution": {
    "200": 200
  },
  "errorDistribution": {}
}