{
  "summary": {
    "successRate": 1.0,
    "total": 0.008012563,
    "slowest": 0.005657219,
    "fastest": 0.000034547,
    "average": 0.0004575945250000001,
    "requestsPerSec": 24960.802180276147,
    "totalData": 599400,
    "sizePerRequest": 2997,
    "sizePerSec": 74807524.13428761
  },
  "responseTimeHistogram": {
    "0.000034547": 1,
    "0.0005968141999999999": 175,
    "0.0011590813999999999": 11,
    "0.0017213485999999997": 2,
    "0.0022836157999999995": 6,
    "0.0028458829999999996": 0,
    "0.003408150199999999": 0,
    "0.0039704174": 0,
    "0.0045326846": 0,
    "0.0050949518": 0,
    "0.005657219": 5
  },
  "latencyPercentiles": {
    "p10": 0.000083084,
    "p25": 0.000174321,
    "p50": 0.000216643,
    "p75": 0.000382674,
    "p90": 0.000645163,
    "p95": 0.001737977,
    "p99": 0.005429378,
    "p99.9": 0.005657219,
    "p99.99": 0.005657219
  },
  "firstByteHistogram": {
    "0.000034483": 1,
    "0.000596716": 175,
    "0.001158949": 11,
    "0.001721182": 2,
    "0.002283415": 6,
    "0.002845648": 0,
    "0.0034078809999999998": 0,
    "0.003970114": 0,
    "0.004532347": 0,
    "0.00509458": 0,
    "0.005656813": 5
  },
  "firstBytePercentiles": {
    "p10": 0.000082855,
    "p25": 0.000174228,
    "p50": 0.000216306,
    "p75": 0.000382261,
    "p90": 0.000644773,
    "p95": 0.00173745,
    "p99": 0.005429318,
    "p99.9": 0.005656813,
    "p99.99": 0.005656813
  },
  "rps": {
    "mean": 25233.35491205734,
    "stddev": null,
    "max": 25233.35491205734,
    "min": 25233.35491205734,
    "percentiles": {
      "p10": 25233.35491205734,
      "p25": 25233.35491205734,
      "p50": 25233.35491205734,
      "p75": 25233.35491205734,
      "p90": 25233.35491205734,
      "p95": 25233.35491205734,
      "p99": 25233.35491205734,
      "p99.9": 25233.35491205734,
      "p99.99": 25233.35491205734
    }
  },
  "details": {
    "DNSDialup": {
      "average": 0.0016611143124999998,
      "fastest": 0.000043443,
      "slowest": 0.005165412
    },
    "DNSLookup": {
      "average": 0.0000143850625,
      "fastest": 2.129e-6,
      "slowest": 0.000034186
    },
    "firstByte": {
      "average": 0.00045734547000000013,
      "fastest": 0.000034483,
      "slowest": 0.005656813
    }
  },
  "statusCodeDistribution": {
    "200": 200
  },
  "errorDistribution": {}
}