{
  "summary": {
    "successRate": 1.0,
    "total": 0.012300006,
    "slowest": 0.011293899,
    "fastest": 0.000016621,
    "average": 0.00034665262,
    "requestsPerSec": 16260.15466984325,
    "totalData": 6600,
    "sizePerRequest": 33,
    "sizePerSec": 536585.1041048273
  },
  "responseTimeHistogram": {
    "0.000016621": 1,
    "0.0011443488000000002": 194,
    "0.0022720766000000002": 0,
    "0.0033998044000000003": 0,
    "0.0045275322": 0,
    "0.0056552600000000005": 0,
    "0.0067829878": 0,
    "0.0079107156": 0,
    "0.0090384434": 0,
    "0.0101661712": 0,
    "0.011293899000000001": 5
  },
  "latencyPercentiles": {
    "p10": 0.00002444,
    "p25": 0.000030174,
    "p50": 0.000037443,
    "p75": 0.000051764,
    "p90": 0.000181823,
    "p95": 0.000539864,
    "p99": 0.011205692,
    "p99.9": 0.011293899,
    "p99.99": 0.011293899
  },
  "firstByteHistogram": {
    "0.00001656": 1,
    "0.0011442435": 194,
    "0.002271927": 0,
    "0.0033996105": 0,
    "0.004527293999999999": 0,
    "0.005654977499999999": 0,
    "0.006782661": 0,
    "0.0079103445": 0,
    "0.009038028": 0,
    "0.0101657115": 0,
    "0.011293395": 5
  },
  "firstBytePercentiles": {
    "p10": 0.000024126,
    "p25": 0.000030095,
    "p50": 0.000037235,
    "p75": 0.000051326,
    "p90": 0.000181743,
    "p95": 0.000539432,
    "p99": 0.011205209,
    "p99.9": 0.011293395,
    "p99.99": 0.011293395
  },
  "rps": {
    "mean": 39455.83929036996,
    "stddev": 55071.70049481791,
    "max": 78397.41216173024,
    "min": 514.266419009673,
    "percentiles": {
      "p10": 514.266419009673,
      "p25": 514.266419009673,
      "p50": 78397.41216173024,
      "p75": 78397.41216173024,
      "p90": 78397.41216173024,
      "p95": 78397.41216173024,
      "p99": 78397.41216173024,
      "p99.9": 78397.41216173024,
      "p99.99": 78397.41216173024
    }
  },
  "details": {
    "DNSDialup": {
      "average": 0.004311829769230769,
      "fastest": 0.000075426,
      "slowest": 0.011106708
    },
    "DNSLookup": {
      "average": 0.000013630999999999999,
      "fastest": 2.076e-6,
      "slowest": 0.000023137
    },
    "firstByte": {
      "average": 0.000346433355,
      "fastest": 0.00001656,
      "slowest": 0.011293395
    }
  },
  "statusCodeDistribution": {
    "200": 200
  },
  "errorDistribution": {}
}